timestamp,distance_m,elevation_m,heart_rate_bpm,speed_ms
2026-09-01 06:00:00,25.618101782710436,2100.6835119515545,172.13045587609628,4.02069651575952
2026-09-01 06:00:10,59.878816378859185,2106.758152501704,172.18009026894185,4.124604478690741
2026-09-01 06:00:20,90.85872550603025,2107.9112622152225,172.3212834293507,3.5128016596263065
2026-09-01 06:00:30,119.8386027689858,2107.8587972124806,172.54197484541243,3.1986328518615266
2026-09-01 06:00:40,142.17888237562235,2110.214345781843,172.75318225303914,3.6839888571756467
2026-09-01 06:00:50,164.51880018066538,2115.9887604839832,172.97012535330344,3.2289138520991574
2026-09-01 06:01:00,185.39005436318837,2115.352176896083,173.17072861946323,4.305354899010649
2026-09-01 06:01:10,218.3826965498124,2124.6360563206667,173.59026532604406,3.554614132433095
2026-09-01 06:01:20,247.39942172596054,2126.3040918776414,173.90005783539104,3.3538713794751565
2026-09-01 06:01:30,278.0205103929012,2125.969316988826,174.02310431513268,3.5738721223459633
2026-09-01 06:01:40,298.32927780733826,2126.43305000425,173.9989553593778,2.9611494841881214
2026-09-01 06:01:50,332.87792558976815,2135.5067233352356,174.20977156328416,3.111354384595739
2026-09-01 06:02:00,365.3645652017745,2135.496386634046,174.45086662256202,3.98016556317777
2026-09-01 06:02:10,388.54965186194863,2141.113239647091,174.3998165486255,3.2372422884114416
2026-09-01 06:02:20,411.2770263700551,2138.3453758745145,174.41819393494856,3.081235606927224
2026-09-01 06:02:30,434.02809401785663,2143.2154255262453,174.43692716551772,3.7146611010109143
2026-09-01 06:02:40,458.5917276622497,2147.286771001914,174.52410303961804,3.9742816618651986
2026-09-01 06:02:50,486.46307413673327,2150.2133670727144,174.8383253335555,3.787581324266027
2026-09-01 06:03:00,512.942249416365,2152.0422697039357,174.9131231997839,3.8984190743223266
2026-09-01 06:03:10,537.3106865193356,2156.989834061961,175.02136179657566,3.1972819645722157
2026-09-01 06:03:20,566.4884799401713,2156.3882405255135,174.73735869765068,2.9312757333032624
2026-09-01 06:03:30,588.5808878499519,2160.9945670760367,174.9787359418666,4.100533460782195
2026-09-01 06:03:40,612.9630575779802,2164.251152722653,175.17296449102716,3.3709280644631456
2026-09-01 06:03:50,638.4584852273856,2167.7449684512662,175.6754917502605,3.399666793417981
2026-09-01 06:04:00,665.2995349906412,2170.8180572567835,175.67539787938023,4.031277656739623
2026-09-01 06:04:10,697.0771744115364,2169.7964116703674,175.69879503318472,3.722492003760264
2026-09-01 06:04:20,720.0722811439117,2171.59940293613,175.7847315952421,3.682355108832643
2026-09-01 06:04:30,747.7857977201159,2179.8149344684325,176.26453288184086,4.366000937960433
2026-09-01 06:04:40,776.6720162530465,2180.4851316145287,176.2588777182854,3.2425927078479426
2026-09-01 06:04:50,797.3687724438465,2180.8523980578016,176.32202735230493,3.871136051232495
2026-09-01 06:05:00,826.4819452223682,2187.9474718253296,176.5855081295988,3.522805249958834
2026-09-01 06:05:10,849.0398070776776,2187.538240798826,176.6146453337,3.607436911545303
2026-09-01 06:05:20,870.0155809724567,2192.092147859927,176.6164367520119,4.111387370565013
2026-09-01 06:05:30,904.2488640312567,2192.259216195275,176.65859611729852,3.7031343025158496
2026-09-01 06:05:40,938.7333445273752,2198.5993045472974,177.00012423431093,3.715318431619853
2026-09-01 06:05:50,970.8593047491221,2200.3041783746353,176.82891865097548,3.929002934923921
2026-09-01 06:06:00,995.4285112867226,2198.572384951824,176.82087671734863,3.3540189081828458
2026-09-01 06:06:10,1016.8935929968184,2203.2504859266546,176.77441457385743,3.1643161330643976
2026-09-01 06:06:20,1047.1570883945008,2204.7944425445507,177.0443030320003,3.0820763223915866
2026-09-01 06:06:30,1073.7593758005949,2208.3957341918976,176.81169148399047,2.7134573642495994
2026-09-01 06:06:40,1095.5899493232666,2205.8409730567114,176.64881189183245,4.322482851976129
2026-09-01 06:06:50,1123.0176029749357,2211.2119919673996,176.8316746450591,3.058716653711327
2026-09-01 06:07:00,1143.533430791664,2213.981696338838,177.20017353833475,3.411498550565691
2026-09-01 06:07:10,1177.1732368228456,2210.327402752443,177.11393761439226,3.3892746800444318
2026-09-01 06:07:20,1201.054936546846,2213.4126799378064,177.0646032527609,3.6229626791236402
2026-09-01 06:07:30,1230.9927708121556,2213.588551918854,177.44435210626995,3.826294885015719
2026-09-01 06:07:40,1255.668436953497,2218.9687678581613,177.26235364497285,3.844189395343898
2026-09-01 06:07:50,1283.469457271164,2222.7352380776306,176.89792185803822,3.2667690245724246
2026-09-01 06:08:00,1311.6701114613131,2226.048726614067,177.0521945187776,3.4331513144854355
2026-09-01 06:08:10,1334.442928294196,2224.8866476006924,176.92854209363958,3.61303198019532
2026-09-01 06:08:20,1368.9866977106644,2229.6400407724086,176.8193633936478,3.4005235495265813
2026-09-01 06:08:30,1400.6136900610811,2225.2162041602514,176.8725579508645,4.142938230407997
2026-09-01 06:08:40,1434.706174184544,2226.111845372424,176.93923091786218,3.6963899806553004
2026-09-01 06:08:50,1468.1285844409585,2230.897704471342,176.9221323736932,3.793951114419927
2026-09-01 06:09:00,1497.097084123125,2233.214508381269,176.71240757215756,3.765152507466965
2026-09-01 06:09:10,1530.9251976484716,2233.765376278944,176.8979163957671,3.96938954299413
2026-09-01 06:09:20,1552.2525851792504,2231.0265245858873,176.97317959749768,3.5724086234814827
2026-09-01 06:09:30,1575.1923281155375,2236.259532062116,177.05800457426636,2.9812672208176614
2026-09-01 06:09:40,1595.8707374491955,2235.050404263134,177.40314941749628,3.6598751807010568
2026-09-01 06:09:50,1620.7506924106444,2240.164976680211,177.29142391257258,3.2394572424832684
2026-09-01 06:10:00,1646.5808517559867,2240.6693652172294,176.996406649128,3.288553327300097
2026-09-01 06:10:10,1670.651087232595,2239.110749136809,176.82685271354336,3.7345456075020373
2026-09-01 06:10:20,1703.082149869874,2240.960494287319,176.85473041328245,3.9953132285734543
2026-09-01 06:10:30,1728.4334497702778,2240.810499243336,176.90039840226734,3.5085086306944246
2026-09-01 06:10:40,1752.6474674155884,2243.686867234015,176.90967855050965,3.6235332050395854
2026-09-01 06:10:50,1780.787908662962,2246.548055462022,177.03731339437263,4.180885977854095
2026-09-01 06:11:00,1802.9017720375834,2243.4337788399116,176.72471997709235,3.5963012717954275
2026-09-01 06:11:10,1834.934726748894,2247.122390588925,177.08724513288726,4.540673245672158
2026-09-01 06:11:20,1856.0529864040907,2245.704170705157,177.0424504995334,3.726203858252618
2026-09-01 06:11:30,1890.8562904530984,2245.7703892297313,177.26723403634253,2.795694896337673
2026-09-01 06:11:40,1922.4399619925482,2247.6743461742462,177.37385824450834,3.801336648441813
2026-09-01 06:11:50,1945.4206972155607,2246.2908035409173,177.43753803567253,3.6524633539531113
2026-09-01 06:12:00,1965.5035289724146,2247.667290253318,177.57902122596698,4.015901101633099
2026-09-01 06:12:10,1997.7354503992372,2246.732387165759,177.64986487621928,3.769272540507983
2026-09-01 06:12:20,2028.3383105569515,2253.351258728091,177.9107868594394,3.4446176064064904
2026-09-01 06:12:30,2059.2734180775665,2249.7259945683854,178.10411208227177,3.0102807054842535
2026-09-01 06:12:40,2090.842473277856,2248.429575106063,178.11748792696562,3.41639069708559
2026-09-01 06:12:50,2111.9531430538673,2250.370374556886,178.29810466749979,3.15979181831628
2026-09-01 06:13:00,2137.3301289820315,2249.7709316692785,178.2681686708902,3.267790620078111
2026-09-01 06:13:10,2159.0681648749082,2249.546584668879,178.5517051739721,3.735431361768244
2026-09-01 06:13:20,2192.014716263042,2251.1495592701617,178.4484862055859,4.167961801740563
2026-09-01 06:13:30,2221.3641881654553,2251.3087362214387,178.8118578311936,3.6578686119291923
2026-09-01 06:13:40,2246.327658538245,2248.545057571467,178.74855266806532,3.021646775185926
2026-09-01 06:13:50,2267.2810337925353,2248.2066819478305,178.45563013516897,3.6778410672880564
2026-09-01 06:14:00,2291.94576861827,2248.500492585159,178.48712723089767,3.9786525946582603
2026-09-01 06:14:10,2316.823518448671,2244.0791737669256,178.26249052303805,3.256086838272247
2026-09-01 06:14:20,2347.767611123742,2245.225344272437,178.45354264294602,3.446393133330833
2026-09-01 06:14:30,2377.3309731940703,2250.502647011518,178.42856390186716,3.5058752778916786
2026-09-01 06:14:40,2410.639164332715,2250.5126632686784,178.3395275403674,3.186040674767104
2026-09-01 06:14:50,2437.7223882101443,2246.1193617502763,177.87375336381027,3.7593121735375434
2026-09-01 06:15:00,2459.516301899219,2247.1063734467334,177.8030323338896,3.4516207405568875
2026-09-01 06:15:10,2490.214973707564,2245.8529719511334,177.2931884386518,3.667812977562811
2026-09-01 06:15:20,2521.626749436817,2250.607122075949,177.07149087645098,3.14500312887916
2026-09-01 06:15:30,2550.0459074003597,2245.84938948198,177.12841915580043,3.325016679870636
2026-09-01 06:15:40,2581.610415099678,2242.457611042975,177.2177436187505,3.7889525431311086
2026-09-01 06:15:50,2609.017349045144,2239.848259422821,177.25064809870443,3.350866739163293
2026-09-01 06:16:00,2636.858341485874,2237.535412413557,177.0109959298933,4.190785540493362
2026-09-01 06:16:10,2663.2714567612525,2240.0876737708572,177.0524988858109,3.340145525754159
2026-09-01 06:16:20,2683.6527436624137,2237.0443918709097,176.99091273999386,3.5898738903007543
2026-09-01 06:16:30,2705.2711150673135,2234.5332894713492,176.70901775416414,3.873036332749236
2026-09-01 06:16:40,2725.7425528526146,2234.8501849131244,177.01603532335307,2.9326537068267875
2026-09-01 06:16:50,2755.2887090215713,2232.6910944784236,177.1483259727742,2.7956764752076895
2026-09-01 06:17:00,2780.0040487377164,2236.885177280399,177.18801479404777,2.889737474171962
2026-09-01 06:17:10,2807.632609105187,2233.8772602255885,177.13323362075045,4.005033641370873
2026-09-01 06:17:20,2841.2461062140783,2230.6480662956546,177.1103263037413,3.2792567416430214
2026-09-01 06:17:30,2864.9854896513116,2232.121457182923,176.7314471478018,4.523279714267301
2026-09-01 06:17:40,2891.141233496846,2227.7619926755656,176.59482238115055,3.2743009605370443
2026-09-01 06:17:50,2922.4745005749915,2224.279128839642,176.38876825483248,3.5738205212788148
2026-09-01 06:18:00,2945.906473057366,2227.391785384336,176.2506973837474,4.11684398102715
2026-09-01 06:18:10,2967.0611717047977,2223.7172612097065,176.12098684167762,4.302437155263649
2026-09-01 06:18:20,2991.407443498504,2218.809601764745,176.3823709581483,4.3246014306545595
2026-09-01 06:18:30,3013.8257628073143,2218.699523659042,176.50833796828763,3.983346492237257
2026-09-01 06:18:40,3047.7712275924528,2215.4772498688903,176.32965669452804,3.909625010324585
2026-09-01 06:18:50,3079.893033285919,2212.5640943254452,176.38591013993036,3.7370107796804732
2026-09-01 06:19:00,3109.3940896335753,2215.236940884135,176.71923815842138,3.8113444304666553
2026-09-01 06:19:10,3142.465998486391,2215.212776800286,176.90368161332694,3.2795257134685865
2026-09-01 06:19:20,3174.521079639878,2206.561431255318,176.74258077641161,3.172720446631077
2026-09-01 06:19:30,3197.319630523168,2208.4052103031736,176.6500690018276,3.4986502170356193
2026-09-01 06:19:40,3230.708015500518,2203.8556096883726,176.6987216522543,3.4319261509900287
2026-09-01 06:19:50,3258.7981491292526,2202.0180369541918,176.74066727465504,3.3187087802690898
2026-09-01 06:20:00,3290.9097514567134,2199.601531954168,176.8713758186601,3.778554978982686
2026-09-01 06:20:10,3324.351120955566,2196.8118954277143,176.94261744846744,3.882122083428204
2026-09-01 06:20:20,3349.1211730801438,2196.350904622957,177.14330817543618,3.535362754516739
2026-09-01 06:20:30,3370.771951948059,2192.2672908139457,176.95458885694381,4.091012032422105
2026-09-01 06:20:40,3394.190979386188,2192.10771322528,177.21487611829735,3.043324354346598
2026-09-01 06:20:50,3420.5975962155817,2189.0671594450605,177.19358496363145,3.4225362162881128
2026-09-01 06:21:00,3452.867817704419,2186.2547667072777,177.55238928340086,3.213271071758878
2026-09-01 06:21:10,3485.778776453264,2182.447731524886,177.3384110161351,2.753385353170776
2026-09-01 06:21:20,3505.883058411232,2180.6056729986576,177.6487626062436,3.4669277256629205
2026-09-01 06:21:30,3533.5442679498956,2180.7335211266413,177.6909017254958,3.4513009966466868
2026-09-01 06:21:40,3559.8054329971274,2177.656280897078,177.49907332018162,4.105379897296852
2026-09-01 06:21:50,3583.1370501541883,2172.1002601146865,177.29117573772294,3.752324673821911
2026-09-01 06:22:00,3604.9350306641936,2171.6252192996767,177.21760545978387,3.090325270268318
2026-09-01 06:22:10,3629.999258235248,2170.271828731967,177.27537083771006,4.241637026533676
2026-09-01 06:22:20,3664.1429037939356,2162.745126660412,177.2294038938861,3.9884134782101412
2026-09-01 06:22:30,3688.9909477742467,2164.4590016057973,177.14894139200607,3.7328390813874464
2026-09-01 06:22:40,3716.772807100397,2159.3099279401367,177.04108900024067,3.4094063604600673
2026-09-01 06:22:50,3747.318091483825,2159.0149164688723,177.46364284253775,3.1162243053106082
2026-09-01 06:23:00,3772.7725355195143,2153.5625029059624,177.70010320529968,3.3511172895715786
2026-09-01 06:23:10,3807.3492667603286,2148.67243582944,177.68956659770404,3.9354994478816745
2026-09-01 06:23:20,3841.78597618446,2146.199297886258,177.64770453447403,4.253834522373843
2026-09-01 06:23:30,3865.562710621841,2146.7028749331544,177.68178234075563,4.117297411308876
2026-09-01 06:23:40,3893.0214382102267,2144.259755470438,177.75562354604736,3.3044602312854905
2026-09-01 06:23:50,3917.5346128574784,2139.0477169126366,177.44682426185167,3.0521530266843957
2026-09-01 06:24:00,3941.8072202731405,2139.233167218514,177.39905796048453,3.5563544987644815
2026-09-01 06:24:10,3962.3605244834584,2131.71733151951,176.91502443172897,2.7926242537748593
2026-09-01 06:24:20,3991.503989493157,2131.978529478901,177.0000930154378,3.6292670856739124
2026-09-01 06:24:30,4019.0441748415897,2126.7460787331206,177.02488318846275,3.4409589654805326
2026-09-01 06:24:40,4039.8163561103397,2124.9101473117094,176.89152726757467,3.313585399252703
2026-09-01 06:24:50,4063.996053073889,2123.3437980208523,177.17499763441552,2.862118773093282
2026-09-01 06:25:00,4097.620041363389,2118.554018500467,176.83404891140736,3.705440042627887
2026-09-01 06:25:10,4121.213469723393,2116.5234364924668,176.50056229520538,3.2869196641352354
2026-09-01 06:25:20,4143.386892804761,2116.315891011331,176.54130174929466,3.0320332657158846
2026-09-01 06:25:30,4170.728684208925,2110.1545353817874,176.6274942972262,2.35109511468734
2026-09-01 06:25:40,4205.513441020585,2109.9801757494997,176.96079264287206,3.4889940379797455
2026-09-01 06:25:50,4229.144270093258,2103.0465134815972,176.73034254494019,4.208900638667898
2026-09-01 06:26:00,4259.2263033043455,2103.3605403977035,176.95235924994859,4.164503685819148
2026-09-01 06:26:10,4290.650597534276,2102.178150099692,176.92100975008822,3.317161497365491
2026-09-01 06:26:20,4314.2151606941625,2091.34608779138,176.66984304393384,3.2591151758552876
2026-09-01 06:26:30,4345.1384059233405,2091.6914403682176,176.8534820829679,3.6875097024300096
2026-09-01 06:26:40,4370.65515291413,2091.4379258143913,176.97887636757406,3.1006458243246833
2026-09-01 06:26:50,4400.139740373033,2086.8801434183147,176.57244228825567,3.6207167599277863
2026-09-01 06:27:00,4429.642686034447,2085.036084306174,176.83086917595804,3.806432111353876
2026-09-01 06:27:10,4457.6793062955685,2080.0996880324333,177.0081595213127,3.990773289553723
2026-09-01 06:27:20,4479.033652846385,2078.5022105103594,176.85109743056933,3.459938369408019
2026-09-01 06:27:30,4511.563190280223,2075.047751868389,176.8611689644174,3.4185304999292137
2026-09-01 06:27:40,4536.374891254799,2074.734641436555,176.95371279303728,3.1488069652973754
2026-09-01 06:27:50,4559.172668910796,2069.9589742663243,176.91033420279746,3.1692478583840558
2026-09-01 06:28:00,4579.784296034118,2067.1886617335444,176.74486692137276,3.409408443239389
2026-09-01 06:28:10,4608.6476901819415,2062.7664742138218,176.52209849739072,3.6469462027264714
2026-09-01 06:28:20,4638.8111556095755,2059.7064092848445,176.45578638461285,3.8654338504932997
2026-09-01 06:28:30,4659.059973043493,2056.923688865765,176.63467778008317,3.1787284197278622
2026-09-01 06:28:40,4686.741368917982,2055.701844686213,176.718960927411,4.097075427583809
2026-09-01 06:28:50,4710.138805545951,2051.213213174013,176.55506543074978,3.3915505595829725
2026-09-01 06:29:00,4739.816397402093,2049.7962278088526,176.6810654655762,3.4914530822606253
2026-09-01 06:29:10,4762.431893837167,2050.5493697956995,176.12641978118714,3.2011153283408706
2026-09-01 06:29:20,4792.795959908704,2045.3442335811847,176.25207019697126,2.5303038958908233
2026-09-01 06:29:30,4818.596990103212,2040.1760020424788,175.80076281044154,3.85361815854442
2026-09-01 06:29:40,4852.647939934263,2040.4803048286067,175.73436067788347,3.794737558836973
2026-09-01 06:29:50,4874.7107540964535,2034.5364215060688,175.39154903250747,3.3874689771527144
2026-09-01 06:30:00,4899.826749362207,2028.5769802988257,175.01342391321845,3.5267962868899487
2026-09-01 06:30:10,4921.528852180816,2027.9647597464655,175.23334485964696,3.70637568708164
2026-09-01 06:30:20,4955.399256454994,2023.595170578837,175.05241283603198,2.874981657245383
2026-09-01 06:30:30,4988.559346755709,2024.0187304379156,175.1301848095597,3.288378929061482
2026-09-01 06:30:40,5012.428471171436,2022.1738282422477,175.0839026498705,3.8177058718487307
2026-09-01 06:30:50,5042.328231861949,2022.9363692987445,175.1945616364451,2.9982842307323003
2026-09-01 06:31:00,5074.586564864967,2017.7161471867912,175.10552157241807,3.6174231728666517
2026-09-01 06:31:10,5102.914577038959,2014.1361962145234,174.77732410813496,2.957367278150638
2026-09-01 06:31:20,5130.859335714299,2013.7796194524306,174.96944593678256,3.6865719929734104
2026-09-01 06:31:30,5154.487120077806,2005.2802402151813,174.70070703540532,3.4857434070810065
2026-09-01 06:31:40,5175.883661594895,2007.7917051851532,174.4396199550728,2.853947273637796
2026-09-01 06:31:50,5209.341897964195,2006.517390989665,174.32851063896987,3.9658957417828686
2026-09-01 06:32:00,5242.848168821644,1999.711833598164,174.4925514492667,3.2061633692807803
2026-09-01 06:32:10,5272.344690680743,2002.6889469513992,174.7221380647541,3.175899025194248
2026-09-01 06:32:20,5297.430137546474,1998.8508623780986,174.57564594640652,3.5802276788923773
2026-09-01 06:32:30,5322.668281165664,1995.1566169289088,174.43190949655906,3.959454939771486
2026-09-01 06:32:40,5353.557616348718,1995.1078503285394,174.36660715430816,3.093671272408641
2026-09-01 06:32:50,5387.014270248006,1996.2813981733768,174.8054277079171,3.524671939939189
2026-09-01 06:33:00,5420.320566611983,1990.0449471063075,174.75708577702198,3.6715266001322293
2026-09-01 06:33:10,5452.018699799847,1988.1631609796543,174.80545838392715,3.7772422429052575
2026-09-01 06:33:20,5481.649174492161,1984.7786152950034,174.9438241610405,3.57057662211089
2026-09-01 06:33:30,5502.911273967087,1982.074168605459,174.93749305905493,3.353188864366671
2026-09-01 06:33:40,5525.335704678507,1983.557724643928,174.91535575066018,3.168963911740512
2026-09-01 06:33:50,5558.814017506413,1978.355510150048,174.77204149096556,3.53445755321855
2026-09-01 06:34:00,5587.910453401307,1978.4295988532065,174.75920301314594,3.0711443952057573
2026-09-01 06:34:10,5608.048409175556,1975.5988191671554,174.69514297212294,2.331459806602157
2026-09-01 06:34:20,5629.570482318547,1975.8293361888252,174.84527922128373,3.674623921663067
2026-09-01 06:34:30,5659.523008855168,1973.906193800186,174.81720555067238,3.8615739364344783
2026-09-01 06:34:40,5679.598932612861,1973.7323487067454,174.9602566642467,2.5548270257832644
2026-09-01 06:34:50,5702.011053384123,1969.1071765827003,174.85160990574408,3.096107718116025
2026-09-01 06:35:00,5730.242060224622,1968.1095558642357,174.84738452943802,3.7476617044020792
2026-09-01 06:35:10,5760.620488190012,1965.2666239632563,174.390885754512,4.3229981878846795
2026-09-01 06:35:20,5790.399907082551,1964.96373216994,174.5680934535862,3.5083174830701633
2026-09-01 06:35:30,5813.76394672446,1965.2889595229049,174.64389569582505,3.208798823508346
2026-09-01 06:35:40,5844.446635044673,1964.784777449708,174.83341407633307,3.4268414235580638
2026-09-01 06:35:50,5868.005371357125,1960.2178205146624,174.16282386199342,4.049950567659274
2026-09-01 06:36:00,5892.886366829514,1962.6481085998603,174.62910456465352,3.241614328350186
2026-09-01 06:36:10,5924.083737906285,1962.5227758609399,174.5986799842441,3.1803231973398987
2026-09-01 06:36:20,5953.8282313919935,1959.5972718255211,174.7618064668832,3.306902591127187
2026-09-01 06:36:30,5986.566582549406,1961.5396121080212,174.5926720871081,3.118668556696515
2026-09-01 06:36:40,6016.430775933912,1955.3111724557489,174.59065807507517,3.549068126397918
2026-09-01 06:36:50,6044.9554049839435,1953.4996561090866,174.3437446355072,4.149871383387825
2026-09-01 06:37:00,6066.360526501365,1951.6195732686447,174.18138918655922,3.6292317092464117
2026-09-01 06:37:10,6091.876263547257,1957.415310301983,174.68011019799934,3.399058599149485
2026-09-01 06:37:20,6115.854299062483,1955.0366232824708,174.59439997745642,3.3832754924337824
2026-09-01 06:37:30,6139.514143713169,1952.980134535319,174.59675677714932,2.874723676521337
2026-09-01 06:37:40,6174.109302034455,1953.0736503020612,174.7726406386219,3.8532439108588634
2026-09-01 06:37:50,6200.005767904457,1949.7443733475045,174.80519147712528,3.468865121194879
2026-09-01 06:38:00,6233.386466232113,1956.4279311839618,174.96894641488313,3.42780803456375
2026-09-01 06:38:10,6262.853545622072,1951.3955670612593,174.94129133292233,4.777243027137945
2026-09-01 06:38:20,6294.775715175197,1951.0163938055027,175.41439098485486,3.6195011633462744
2026-09-01 06:38:30,6322.315271571774,1951.969535377974,175.42193005689757,3.1992835799619264
2026-09-01 06:38:40,6350.968829841169,1951.2604491882187,175.44796814244546,3.3294569615177827
2026-09-01 06:38:50,6378.356595248452,1950.5867462265396,175.64462496241342,3.959378283678702
2026-09-01 06:39:00,6401.285240065423,1948.4587596137608,175.8231704167494,3.545308164215106
2026-09-01 06:39:10,6432.1220217943455,1950.943598344864,176.11027325248358,2.924688808673053
2026-09-01 06:39:20,6456.3336072309585,1953.7859021696493,176.2948653733851,3.8676915738300814
2026-09-01 06:39:30,6476.69834672743,1952.7941147449405,176.04642864234484,3.2327423657844023
2026-09-01 06:39:40,6506.380431166038,1953.4312666135027,176.3858579861763,4.2493191104870185
2026-09-01 06:39:50,6529.037091357143,1949.4242210737655,176.0764479967778,3.9320192262858593
2026-09-01 06:40:00,6563.143970122437,1948.7292611866255,176.12307589208282,3.3210712417364996
2026-09-01 06:40:10,6597.452898777476,1950.7786695775574,176.0132088898976,4.012406544694045
2026-09-01 06:40:20,6631.175864630783,1951.5232908019518,176.01527364506688,3.5271422042109615
2026-09-01 06:40:30,6656.728245134615,1954.0414932966494,176.13139017702153,3.8411094700488877
2026-09-01 06:40:40,6676.960094382547,1948.9689447953904,176.0942106500864,3.6938931269177897
2026-09-01 06:40:50,6710.884872821363,1955.9730318992126,176.3186765430099,3.1614573380036504
2026-09-01 06:41:00,6737.307635046123,1953.2170411648221,176.58629898213383,3.2425800670730154
2026-09-01 06:41:10,6771.807457331778,1953.357240384451,176.67980982682917,3.9119843270324646
2026-09-01 06:41:20,6806.261756988117,1952.9232869397795,176.62229943087766,3.366089867157384
2026-09-01 06:41:30,6839.056898820128,1952.4325273468091,176.8053016726759,3.3385406147032013
2026-09-01 06:41:40,6863.473632201171,1958.241259530257,177.1593704141298,3.1179509682602586
2026-09-01 06:41:50,6889.2500981302,1957.6518222120571,176.90206010473838,3.6694396262373843
2026-09-01 06:42:00,6922.017148202953,1955.8927570813594,176.98635881609442,4.325009967697258
2026-09-01 06:42:10,6946.770978280297,1956.9068500910064,177.14687522474952,3.0729868342982907
2026-09-01 06:42:20,6969.313369480588,1959.906191780386,177.14734935786512,3.5096877826691033
2026-09-01 06:42:30,6997.665388417464,1965.05254854162,177.52541785575212,4.0648882221661715
2026-09-01 06:42:40,7031.707710029876,1962.3876013619222,177.44210779475168,3.468143443501714
2026-09-01 06:42:50,7062.14815698,1961.1478321847662,177.44242770190283,3.6809487184998937
2026-09-01 06:43:00,7090.699074531341,1964.9645205233446,177.48414710381763,3.075042588741248
2026-09-01 06:43:10,7112.156721937902,1966.2664797794826,177.51330209845668,3.6713228388830594
2026-09-01 06:43:20,7141.38183033839,1962.8275610816222,177.22526870712045,3.4251422939981806
2026-09-01 06:43:30,7176.232638089954,1969.5750732581917,177.07220877413297,3.894291998271945
2026-09-01 06:43:40,7198.333898318502,1970.7364564711675,177.4143374510375,3.9749544206259
2026-09-01 06:43:50,7226.108843103958,1974.1571264427962,177.3133585808064,4.535825456807445
2026-09-01 06:44:00,7259.269439182877,1978.080110677892,177.19353979561706,3.7318532692854305
2026-09-01 06:44:10,7290.380968449191,1978.3032603472452,176.76732476628337,3.6303185266328666
2026-09-01 06:44:20,7320.83620456412,1977.2300619054845,176.61806844791028,3.5777537206309344
2026-09-01 06:44:30,7351.373465823926,1977.3215838487367,176.3552809280938,3.3587334828757247
2026-09-01 06:44:40,7376.765833092223,1986.4965295033448,176.86718287321327,3.6353935373846764
2026-09-01 06:44:50,7401.16971075619,1983.3310698881867,177.0058370987786,3.3818394359443884
2026-09-01 06:45:00,7433.310128088368,1985.15021552629,176.90458994250514,3.5673843905078457
2026-09-01 06:45:10,7465.461829008556,1987.0299645608927,177.39267208426605,4.027039014243184
2026-09-01 06:45:20,7498.467913787258,1989.475590464024,177.637937699727,3.0973829738881435
2026-09-01 06:45:30,7532.166522075605,1990.8364510735955,177.60018863521668,3.955951424451618
2026-09-01 06:45:40,7559.836658058519,1992.067322030284,177.12492491137576,4.026846026935946
2026-09-01 06:45:50,7587.359402478827,1994.2532863850204,177.62683271298863,3.4527725892035686
2026-09-01 06:46:00,7619.3338301633285,1997.455883690716,177.41297016574984,2.651258040396562
2026-09-01 06:46:10,7649.083289124995,1998.6500811780734,177.1077743661056,3.256871205162227
2026-09-01 06:46:20,7679.6127922838605,2000.5670444277805,177.35062771750165,4.018797818624444
2026-09-01 06:46:30,7711.549682325402,2004.500760592978,177.91725252207348,3.4908527750804472
2026-09-01 06:46:40,7744.8997624526655,2006.1115470007576,178.22632281393118,3.1002791070820357
2026-09-01 06:46:50,7769.969689805439,2012.0005887101686,178.45688547212984,3.298090031508713
2026-09-01 06:47:00,7795.603434095038,2006.0983121991949,178.45779081024344,3.836248010601821
2026-09-01 06:47:10,7817.0131631926515,2016.0264954972777,178.82703758796114,3.718693427280552
2026-09-01 06:47:20,7845.6873653075945,2018.8134818702745,179.03456303337845,3.4044271603321223
2026-09-01 06:47:30,7866.226499414545,2014.685965351677,179.00825098780035,3.353270235274125
2026-09-01 06:47:40,7893.210469686533,2020.6914010285543,179.14919992212828,3.3432967403824714
2026-09-01 06:47:50,7921.350139207147,2023.209499293293,179.18704326184314,3.131035926200599
2026-09-01 06:48:00,7945.648257989071,2023.7435025120956,179.0469304084459,4.146150275787777
2026-09-01 06:48:10,7974.510756897606,2027.6385308649767,179.06869596013013,3.371071812315464
2026-09-01 06:48:20,7994.968260646692,2029.6370859006158,178.77007569800384,3.9868634083301986
2026-09-01 06:48:30,8015.52848347793,2038.0542169736723,178.91875039410604,4.108526420768981
2026-09-01 06:48:40,8047.867491887825,2039.1387556538068,178.74272294627852,3.899324359259184
2026-09-01 06:48:50,8073.270351508994,2042.5534247095752,178.59029846395075,3.3273518749127806
2026-09-01 06:49:00,8095.176259198773,2044.2206656398746,178.65962211278742,3.6614920361346437
2026-09-01 06:49:10,8123.009908099595,2043.3092050955458,178.91979335916977,3.4903217574436334
2026-09-01 06:49:20,8154.559811396074,2047.3301149308445,179.1838748770762,3.1385192557079487
2026-09-01 06:49:30,8177.797126808527,2052.1904818970893,178.96698209567649,3.6297437126886414
2026-09-01 06:49:40,8207.140483945812,2051.6196474152757,178.75763977872612,3.028384083536079
2026-09-01 06:49:50,8228.420695920719,2058.3605176920564,179.08061142185937,3.9750717553846253
2026-09-01 06:50:00,8249.195921738248,2059.341782558934,178.90373924048927,3.3141530810806428
2026-09-01 06:50:10,8277.166241211771,2061.9768392278206,178.9115137438676,3.5804638623491356
2026-09-01 06:50:20,8305.275768035923,2067.067416990712,179.12333571893032,3.6133151486184567
2026-09-01 06:50:30,8334.837216558395,2069.466836360651,178.9776552153564,3.396438010518369
2026-09-01 06:50:40,8365.728586564235,2070.8018087691325,179.02542976475522,3.7346775205901097
2026-09-01 06:50:50,8400.366367756173,2076.7992678904857,178.87857384819864,3.3100385373509904
2026-09-01 06:51:00,8428.110872980691,2075.2855971790873,178.7280269051804,3.8485189189828977
2026-09-01 06:51:10,8452.95522007481,2081.655767398244,178.91938669639205,2.9616081279013007
2026-09-01 06:51:20,8484.88301299634,2084.594132644759,178.65955525461604,3.5505518318185647
2026-09-01 06:51:30,8508.945496765273,2085.7795344267734,178.7713582378484,4.275571599623314
2026-09-01 06:51:40,8535.530068075857,2090.047052720393,178.85278104393547,3.09986747015777
2026-09-01 06:51:50,8556.706913795992,2089.892977855819,178.9601975375274,3.2289020117900593
2026-09-01 06:52:00,8577.087174947223,2097.2467313997427,179.1520554352188,3.7055631398635662
2026-09-01 06:52:10,8611.526901167392,2098.034193292656,179.44063275907183,3.5718327127758394
2026-09-01 06:52:20,8644.066602975076,2100.3645126695246,179.51228404713882,3.6402520397094236
2026-09-01 06:52:30,8674.50621606648,2106.513372080004,179.54938012712336,3.6956748520590654
2026-09-01 06:52:40,8700.640510232693,2106.010287997088,179.5637779460715,3.753888587424708
2026-09-01 06:52:50,8723.239925033757,2107.6026951387857,179.70428569471272,3.9438799367824893
2026-09-01 06:53:00,8745.586480673823,2110.302817309219,179.7680601521865,3.663927462771405
2026-09-01 06:53:10,8769.340124146293,2117.6191657034756,179.9225054583124,3.403496938152583
2026-09-01 06:53:20,8797.578524116885,2116.8307682721093,179.76633917212374,3.7690294804810924
2026-09-01 06:53:30,8828.297462957386,2125.8779090072953,179.81470180331726,4.259952773958086
2026-09-01 06:53:40,8858.200423608152,2121.172172569197,179.4400660201954,3.4469465014469707
2026-09-01 06:53:50,8882.39943206234,2131.686480131565,180.00026752008011,3.1101882781317434
2026-09-01 06:54:00,8916.722411272289,2131.6617758868483,179.75100078810755,3.942832267714789
2026-09-01 06:54:10,8947.790865022725,2133.9799426757154,179.65878308432568,3.451847534418561
2026-09-01 06:54:20,8976.106175810397,2136.0034349427337,179.55557147655222,2.6309321815943854
2026-09-01 06:54:30,9005.281987003913,2140.7965532234903,179.83041871755626,3.8389686708601687
2026-09-01 06:54:40,9031.57598794033,2142.811956503809,179.8117368475042,3.285868725618431
2026-09-01 06:54:50,9055.291952782847,2147.965551446651,180.1643571608958,3.463786687078336
2026-09-01 06:55:00,9080.631542962616,2148.840748355298,180.04716297421996,3.632792132227606
2026-09-01 06:55:10,9111.999234619581,2151.7467196787647,180.16108123313407,3.576199871911627
2026-09-01 06:55:20,9132.215136949028,2153.5320545128848,180.02971851916453,3.783780726855616
2026-09-01 06:55:30,9153.956226556631,2156.9367604130443,180.52684246272239,3.3258054517720628
2026-09-01 06:55:40,9174.646266186957,2160.4347168719432,180.35928190809443,3.705242319270433
2026-09-01 06:55:50,9195.257198221741,2159.1432153826945,180.39541602035487,3.396181328966433
2026-09-01 06:56:00,9228.089106981906,2162.5864951748626,180.59103699238466,3.795524192355001
2026-09-01 06:56:10,9258.643974872606,2169.462491022422,180.81131672882614,3.746146993605221
2026-09-01 06:56:20,9285.756582308915,2170.983491965725,180.80467921591668,3.125824519182162
2026-09-01 06:56:30,9307.22409471868,2172.9112235500666,180.8172697076568,3.9343928464700126
2026-09-01 06:56:40,9334.598332845433,2175.924058931629,180.8862887096839,3.2856146219543807
2026-09-01 06:56:50,9361.700409407142,2179.1598796777353,180.92160472428031,3.823223119312458
2026-09-01 06:57:00,9384.298437455793,2179.9312113548103,181.1298071811808,3.6469149253605364
2026-09-01 06:57:10,9410.806212194362,2181.967602502508,181.61263960445302,4.235273470718049
2026-09-01 06:57:20,9436.783783210323,2186.3958410984783,181.58970601937085,3.410613607051259
2026-09-01 06:57:30,9466.021534681107,2186.4928051431493,181.31768470434847,3.360273281552721
2026-09-01 06:57:40,9495.547939444123,2191.6759357434453,181.40369090668415,3.492232157644907
2026-09-01 06:57:50,9516.227499590703,2189.827654193888,181.88266714322387,3.37872808686629
2026-09-01 06:58:00,9541.8466888101,2197.6270823506557,181.87792079276525,3.8199767607768202
2026-09-01 06:58:10,9571.234587545812,2198.811536120529,182.22943322925153,2.853475756625365
2026-09-01 06:58:20,9598.781631424514,2200.636668425765,182.60147603817154,3.078527032341458
2026-09-01 06:58:30,9631.628979042338,2204.308049547333,182.5641860122613,3.072878831368323
2026-09-01 06:58:40,9661.509383516623,2207.850575158336,182.74883314031842,3.8801230367894304
2026-09-01 06:58:50,9683.953399922844,2208.6833509092507,183.09116797996245,4.1842453490327705
2026-09-01 06:59:00,9705.011931133851,2205.0650152548324,182.94297571867656,3.4582203125850115
2026-09-01 06:59:10,9734.648220306946,2208.2360909602107,182.96568116076367,3.432471310723996
2026-09-01 06:59:20,9755.045889965071,2211.549594500017,182.91561504877006,3.5280208652452725
2026-09-01 06:59:30,9783.832523684174,2214.8101013193013,182.77787383901716,3.964751321043276
2026-09-01 06:59:40,9817.935977305548,2217.7058390330076,182.7059330842781,3.1290587463237705
2026-09-01 06:59:50,9846.568089973685,2217.084781264299,182.44872387555145,3.5953475930939143
2026-09-01 07:00:00,9872.390638866784,2220.7279471751854,182.52840388742106,3.8900790519129718
2026-09-01 07:00:10,9902.039962143419,2220.6134592429894,182.37211948256538,3.700437667975938
2026-09-01 07:00:20,9928.913755500791,2222.6219569280033,182.4590466186238,3.575832646639497
2026-09-01 07:00:30,9957.09800734053,2222.702702686056,182.14948240454413,3.9004184370268566
2026-09-01 07:00:40,9991.219979472178,2225.290184580597,182.26740808887786,2.418707082800305
2026-09-01 07:00:50,10017.01151903919,2226.0028510724555,182.4483672110368,3.771150127812363
2026-09-01 07:01:00,10051.429377496548,2228.2723556809533,182.09501017469248,3.2383697267490303
2026-09-01 07:01:10,10085.00963712589,2233.7969708074165,182.28031379119128,2.7677468412574173
2026-09-01 07:01:20,10107.946504147729,2231.2035890216007,182.4739799539696,3.704481039809992
2026-09-01 07:01:30,10128.986923660856,2239.7263977438083,182.40250792467552,4.049463418065183
2026-09-01 07:01:40,10150.498593681517,2236.7535175987755,182.6775647991424,3.4450205941489234
2026-09-01 07:01:50,10170.77192106629,2237.387279418886,182.7740438374178,3.8811498188811755
2026-09-01 07:02:00,10192.18856547763,2236.496591896699,182.61522771582239,4.1449113031954585
2026-09-01 07:02:10,10222.433667078876,2240.7541222296086,182.68922450694905,4.025965781433619
2026-09-01 07:02:20,10243.50149680578,2239.2864586677274,182.77153661821578,4.1559858117485575
2026-09-01 07:02:30,10268.286131260187,2241.7095872164327,182.83520026747235,3.796850996428757
2026-09-01 07:02:40,10300.959260924728,2247.5567585791737,183.05989489321644,3.530173455560637
2026-09-01 07:02:50,10321.308339960766,2243.158290313211,182.78779080928132,2.859213675241133
2026-09-01 07:03:00,10353.5253671996,2246.5052090873146,182.8886013495706,3.4015750047480204
2026-09-01 07:03:10,10377.753188821202,2243.598649755086,182.54772726354503,3.1627013618735234
2026-09-01 07:03:20,10399.525661235526,2245.6751330369266,182.56701171691208,4.368377086999126
2026-09-01 07:03:30,10429.976718715989,2249.96828872301,182.4720933023408,3.429645675027065
2026-09-01 07:03:40,10459.410861417688,2245.7955270756015,182.2415320808747,3.5492819227137944
2026-09-01 07:03:50,10492.572941620594,2251.238078251667,182.5976017394381,3.7205941504161872
2026-09-01 07:04:00,10523.599007277653,2249.5331247710724,182.78176469394506,3.5174409785489815
2026-09-01 07:04:10,10555.651221233426,2247.437644354196,182.86168270978897,4.178020416172301
2026-09-01 07:04:20,10579.881739821994,2250.2126889403585,182.69872104857768,3.250940255306219
2026-09-01 07:04:30,10602.54333297869,2251.218461736833,182.65555481456823,3.577842982094897
2026-09-01 07:04:40,10633.802554253303,2250.7825052467056,182.88945522476152,3.2030117657207806
2026-09-01 07:04:50,10665.905075342313,2246.603914840987,182.83422679937513,2.971990995511718
2026-09-01 07:05:00,10700.762652472322,2248.435432842842,183.33472306740856,3.255292363637886
2026-09-01 07:05:10,10726.951917625993,2249.4798184238807,183.4342743469082,3.485185281180635
2026-09-01 07:05:20,10752.532188912885,2249.8509087291404,183.4801059763114,3.328279110193096
2026-09-01 07:05:30,10784.178383324015,2251.205801059049,183.4453805300691,3.2230316080504577
2026-09-01 07:05:40,10809.290436427811,2250.2243157103667,183.4524590040519,2.9374730145312666
2026-09-01 07:05:50,10843.251796311864,2247.042495772885,183.35832863802617,3.466757770948522
2026-09-01 07:06:00,10876.127987589509,2250.2577274508844,183.56425500692387,2.898111850387599
2026-09-01 07:06:10,10902.562898000135,2250.442613659369,183.75929319445248,3.8040223854758413
2026-09-01 07:06:20,10933.825964017007,2250.0052074408286,183.59334717798006,3.5329759011738013
2026-09-01 07:06:30,10965.144107128277,2250.6515811891354,183.34002806223464,2.9169794002140277
2026-09-01 07:06:40,10986.690965160817,2249.702624929357,182.95380786241842,3.3763163691800546
2026-09-01 07:06:50,11020.22925876101,2248.4384521702264,183.03012267261832,3.199137437763767
2026-09-01 07:07:00,11047.808044347728,2246.805829184143,182.77679689166186,3.627669804167672
2026-09-01 07:07:10,11080.204906339344,2242.9912950250014,182.26992808988854,4.036180178409258
2026-09-01 07:07:20,11105.005650354804,2246.480751489688,182.41743294008847,2.749931012141702
2026-09-01 07:07:30,11138.438498782247,2245.286708241047,182.89215197860221,3.5460104316589667
2026-09-01 07:07:40,11164.276523963259,2244.6061292790114,182.8773262170535,3.435946881773344
2026-09-01 07:07:50,11184.439088735464,2240.643258744389,182.9657669612514,3.768536030580186
2026-09-01 07:08:00,11218.019818381752,2240.1109205248886,182.9714860685709,3.585278651295076
2026-09-01 07:08:10,11239.389118533543,2243.3984813992142,183.0174593554192,3.1992122673044725
2026-09-01 07:08:20,11264.1788230974,2240.1754657529223,183.1368143390909,3.372378425733353
2026-09-01 07:08:30,11298.429752603162,2240.523652795771,183.08572317111015,3.181589657278604
2026-09-01 07:08:40,11332.688859807226,2238.0674777766862,183.09007813354282,3.9304028554394392
2026-09-01 07:08:50,11361.290428129074,2236.865118963752,183.13037051852334,3.508524659468777
2026-09-01 07:09:00,11390.767986311621,2237.4220000056976,183.00789004863367,4.260476274301203
2026-09-01 07:09:10,11417.494669141295,2233.198734770068,183.12183321382835,3.475735674474152
2026-09-01 07:09:20,11441.892830716766,2233.054551672212,183.08395760053213,3.2166372932358147
2026-09-01 07:09:30,11466.822798897316,2230.515889075276,182.88203531669487,2.894514242954869
2026-09-01 07:09:40,11496.910575738471,2229.0967913856184,182.96095533161582,2.778744129497622
2026-09-01 07:09:50,11528.196193680036,2227.8205906438357,182.75573772042193,2.866345622797804
2026-09-01 07:10:00,11560.069879335924,2227.3047735161877,182.7510576093428,3.6068506604045933
2026-09-01 07:10:10,11591.914151477842,2224.2736337270344,182.6886110142309,3.7034900092919734
2026-09-01 07:10:20,11613.282243023572,2226.062976477186,182.94157698240025,2.8675237191871465
2026-09-01 07:10:30,11640.698547594111,2220.0329656751874,182.91591641293627,3.858015325630446
2026-09-01 07:10:40,11661.56192899436,2219.670230308315,182.90365631384978,3.306775579326624
2026-09-01 07:10:50,11689.804862229217,2217.338096172986,183.02056689098328,3.55871720479422
2026-09-01 07:11:00,11716.427819749817,2219.2376235996544,183.33659894932012,4.14488825130217
2026-09-01 07:11:10,11749.743382491191,2214.8161643121393,183.35973182484017,3.8587357263462128
2026-09-01 07:11:20,11775.007107679472,2214.520179454619,183.35588265165845,3.392587740837667
2026-09-01 07:11:30,11796.763112925886,2207.4736436898597,182.95258468989323,3.143523109833885
2026-09-01 07:11:40,11818.90798815668,2208.9227853633915,182.7685447907488,2.6392738394682778
2026-09-01 07:11:50,11850.330647632441,2208.0683388579164,182.69041091976834,3.212338672303032
2026-09-01 07:12:00,11879.603918582185,2204.311352903818,182.49336876025453,3.415547904468922
2026-09-01 07:12:10,11901.120758724026,2204.093628883699,182.45162001925505,3.1051281891395264
2026-09-01 07:12:20,11922.38236081575,2198.703027113831,182.3551379688371,3.447497213163078
2026-09-01 07:12:30,11952.896897787637,2200.291181013583,182.4928395977035,3.5307407531835073
2026-09-01 07:12:40,11973.9883428831,2199.7660203901455,182.46823662962294,3.4100576072767685
2026-09-01 07:12:50,12006.316243772455,2192.1000662939728,182.41221787646472,3.239998967670616
2026-09-01 07:13:00,12036.909877179802,2189.554979626297,182.37421102607323,3.5674618687866912
2026-09-01 07:13:10,12058.13010888943,2190.936672550462,182.00675157128575,3.6767762598277636
2026-09-01 07:13:20,12079.40267460071,2188.737614765012,181.774903336813,3.0638403690228615
2026-09-01 07:13:30,12114.202268278226,2182.046949721156,181.61227252479156,4.064372951898508
2026-09-01 07:13:40,12139.816330214568,2179.733126143885,181.32405710467793,3.4605647470862952
2026-09-01 07:13:50,12165.37596242057,2177.4584029406087,181.39854838661162,3.507539849177939
2026-09-01 07:14:00,12197.567955929433,2172.7502105656317,181.61053470558082,3.783285769302623
2026-09-01 07:14:10,12231.776684590192,2170.9886514277414,181.8190558931625,3.5932864525054007
2026-09-01 07:14:20,12266.566700547535,2168.1752712448665,181.72009971531895,3.881254653565298
2026-09-01 07:14:30,12297.867373326419,2165.977369996537,181.97428691772234,3.6148496660807297
2026-09-01 07:14:40,12323.511267109383,2164.7458950760215,181.97939091075244,3.255025050143825
2026-09-01 07:14:50,12344.763777859864,2162.559964788749,181.8682551107834,3.6446014100824407
2026-09-01 07:15:00,12376.420981598776,2162.4438713572954,181.74325270944615,3.042509517071735
2026-09-01 07:15:10,12404.797045344812,2154.573665753421,181.52535466007106,3.5434238823106092
2026-09-01 07:15:20,12431.160375483518,2155.7438039210138,181.47112205971465,3.4867080037422156
2026-09-01 07:15:30,12464.75569125994,2150.530371084814,181.40093664746573,3.416753257090984
2026-09-01 07:15:40,12486.423653494532,2148.0221465699415,181.38288695337826,3.4485849954244276
2026-09-01 07:15:50,12513.813030058895,2146.614113181412,181.35533548963838,2.7472603818009445
2026-09-01 07:16:00,12533.983334730407,2140.1442525394696,181.31332591074877,3.2805100369036153
2026-09-01 07:16:10,12561.013244360318,2140.2627151240486,181.5538244173976,3.537137960456446
2026-09-01 07:16:20,12581.857793495545,2136.923137083076,181.67694368366645,3.56394255679896
2026-09-01 07:16:30,12603.640062239565,2134.65277790788,181.33455690647253,3.088929943629617
2026-09-01 07:16:40,12625.402955941221,2131.3103346526104,180.75692381438677,4.00628313634588
2026-09-01 07:16:50,12655.141110472961,2132.6943779245476,180.97146866207333,3.1535300607142
2026-09-01 07:17:00,12686.331783661943,2123.548920230757,180.51518376851448,3.8877828802106946
2026-09-01 07:17:10,12715.0823151384,2120.793059578843,180.41511347509763,3.670877744748674
2026-09-01 07:17:20,12749.514903365518,2117.6306489246576,180.11784265680205,3.2415090760624787
2026-09-01 07:17:30,12775.137962058374,2114.78027141563,179.70043901910552,4.210124357043805
2026-09-01 07:17:40,12799.423643352602,2111.6243652966596,179.74561344236707,3.022545267297408
2026-09-01 07:17:50,12832.452630275444,2112.2799063276543,179.9105552950475,3.8676616694440007
2026-09-01 07:18:00,12855.806567853235,2109.7416389687096,179.74448786772325,3.9002329272171914
2026-09-01 07:18:10,12890.254905944845,2102.7551238588603,179.08654910709726,3.2317519163693422
2026-09-01 07:18:20,12910.437223065192,2099.2263264262324,178.90672426879422,4.056986120025732
2026-09-01 07:18:30,12944.985405465806,2098.827931978294,178.97711718091597,3.399981394160419
2026-09-01 07:18:40,12965.632804145065,2093.7755673952865,178.580287575501,3.615477451711943
2026-09-01 07:18:50,12998.999950850537,2093.142845880098,178.60430512915303,3.604128735508488
2026-09-01 07:19:00,13026.915467486831,2089.2830591808774,178.52404742533403,3.446276503411781
2026-09-01 07:19:10,13061.80993942862,2082.850422619009,178.5112529940169,3.824323309263913
2026-09-01 07:19:20,13082.916887899652,2085.987288664291,178.59790638860534,3.8173954882208854
2026-09-01 07:19:30,13111.224702165671,2083.501271333903,178.35357225382128,2.8005872107047276
2026-09-01 07:19:40,13145.764240199958,2075.7092444978716,178.43704601743354,4.021736097151261
2026-09-01 07:19:50,13173.61070786251,2073.1939874266354,178.35503496140345,2.83500320478573
2026-09-01 07:20:00,13203.05168743454,2071.5861436638015,178.3174171782448,3.913018481736663
2026-09-01 07:20:10,13233.48791776931,2068.7399891598816,178.07384049635172,3.9506820547310335
2026-09-01 07:20:20,13260.306033740826,2066.4576492033893,177.9395372469836,3.063613427913921
2026-09-01 07:20:30,13289.719404942087,2066.2444540638016,177.75831280138647,3.335674284818166
2026-09-01 07:20:40,13318.484119620933,2058.9688053571263,177.57821061526826,3.0577181326056255
2026-09-01 07:20:50,13352.001489778297,2054.8410958016943,177.8379981201881,3.414031587884506
2026-09-01 07:21:00,13372.683185483418,2050.811536561143,177.48302670679078,3.3767862863257037
2026-09-01 07:21:10,13396.897633327302,2049.259445480828,177.12927260560915,3.811864212907736
2026-09-01 07:21:20,13431.15380558845,2047.8259720570381,177.39483720263206,4.024123498447843
2026-09-01 07:21:30,13464.507762346813,2048.673188204371,177.36991679014835,4.058273524315982
2026-09-01 07:21:40,13491.342613638599,2041.2627501165175,177.0878934806593,3.275132789368679
2026-09-01 07:21:50,13520.644602605622,2039.9826214914542,177.27027184563724,3.416311250502189
2026-09-01 07:22:00,13544.805320350339,2036.7635548736464,177.0847674053337,2.82662472311162
2026-09-01 07:22:10,13567.627137746194,2036.4599243105058,177.4438967367803,3.1776519734015247
2026-09-01 07:22:20,13594.582613820294,2036.4502113563497,177.57928765196505,3.885940653238983
2026-09-01 07:22:30,13619.882897240685,2027.6753683351183,177.30620850991124,4.146233129419293
2026-09-01 07:22:40,13648.637738918447,2025.1276049357352,177.6867148845767,3.006260451248031
2026-09-01 07:22:50,13669.803758472923,2025.593858513302,177.57489697152738,3.2630142963388424
2026-09-01 07:23:00,13704.419680587915,2022.299092193288,177.65742071952894,3.489437697216429
2026-09-01 07:23:10,13739.212841755108,2022.0902480180666,177.71310235210584,3.6120644635278425
